YEAR,PLANT,BLOOMDAY,METHOD
1966,"Somei-yoshino (Prunus x yedoensis), Liberal Arts Quadrangle, University of Washington",97,Newspaper archives
1967,"Somei-yoshino (Prunus x yedoensis), Liberal Arts Quadrangle, University of Washington",64,Newspaper archives
1968,"Somei-yoshino (Prunus x yedoensis), Liberal Arts Quadrangle, University of Washington",,Newspaper archives
1969,"Somei-yoshino (Prunus x yedoensis), Liberal Arts Quadrangle, University of Washington",107,Newspaper archives
1970,"Somei-yoshino (Prunus x yedoensis), Liberal Arts Quadrangle, University of Washington",,Newspaper archives
1971,"Somei-yoshino (Prunus x yedoensis), Liberal Arts Quadrangle, University of Washington",109,Newspaper archives
1972,"Somei-yoshino (Prunus x yedoensis), Liberal Arts Quadrangle, University of Washington",89,Newspaper archives
1973,"Somei-yoshino (Prunus x yedoensis), Liberal Arts Quadrangle, University of Washington",86,Newspaper archives
1974,"Somei-yoshino (Prunus x yedoensis), Liberal Arts Quadrangle, University of Washington",,Newspaper archives
1975,"Somei-yoshino (Prunus x yedoensis), Liberal Arts Quadrangle, University of Washington",91,Newspaper archives
1976,"Somei-yoshino (Prunus x yedoensis), Liberal Arts Quadrangle, University of Washington",100,Newspaper archives
1977,"Somei-yoshino (Prunus x yedoensis), Liberal Arts Quadrangle, University of Washington",87,Newspaper archives
1978,"Somei-yoshino (Prunus x yedoensis), Liberal Arts Quadrangle, University of Washington",79,Newspaper archives
1979,"Somei-yoshino (Prunus x yedoensis), Liberal Arts Quadrangle, University of Washington",,Newspaper archives
1980,"Somei-yoshino (Prunus x yedoensis), Liberal Arts Quadrangle, University of Washington",92,Newspaper archives
1981,"Somei-yoshino (Prunus x yedoensis), Liberal Arts Quadrangle, University of Washington",113,Newspaper archives
1982,"Somei-yoshino (Prunus x yedoensis), Liberal Arts Quadrangle, University of Washington",90,Newspaper archives
1983,"Somei-yoshino (Prunus x yedoensis), Liberal Arts Quadrangle, University of Washington",67,Newspaper archives
1984,"Somei-yoshino (Prunus x yedoensis), Liberal Arts Quadrangle, University of Washington",92,Newspaper archives
1985,"Somei-yoshino (Prunus x yedoensis), Liberal Arts Quadrangle, University of Washington",91,Newspaper archives
1986,"Somei-yoshino (Prunus x yedoensis), Liberal Arts Quadrangle, University of Washington",81,Newspaper archives
1987,"Somei-yoshino (Prunus x yedoensis), Liberal Arts Quadrangle, University of Washington",71,Newspaper archives
1988,"Somei-yoshino (Prunus x yedoensis), Liberal Arts Quadrangle, University of Washington",100,Newspaper archives
1989,"Somei-yoshino (Prunus x yedoensis), Liberal Arts Quadrangle, University of Washington",87,Newspaper archives
1990,"Somei-yoshino (Prunus x yedoensis), Liberal Arts Quadrangle, University of Washington",76,Newspaper archives
1991,"Somei-yoshino (Prunus x yedoensis), Liberal Arts Quadrangle, University of Washington",89,Newspaper archives
1992,"Somei-yoshino (Prunus x yedoensis), Liberal Arts Quadrangle, University of Washington",79,Newspaper archives
1993,"Somei-yoshino (Prunus x yedoensis), Liberal Arts Quadrangle, University of Washington",74,Newspaper archives
1994,"Somei-yoshino (Prunus x yedoensis), Liberal Arts Quadrangle, University of Washington",91,Newspaper archives
1995,"Somei-yoshino (Prunus x yedoensis), Liberal Arts Quadrangle, University of Washington",78,Newspaper archives
1996,"Somei-yoshino (Prunus x yedoensis), Liberal Arts Quadrangle, University of Washington",81,Newspaper archives
1997,"Somei-yoshino (Prunus x yedoensis), Liberal Arts Quadrangle, University of Washington",80,Newspaper archives
1998,"Somei-yoshino (Prunus x yedoensis), Liberal Arts Quadrangle, University of Washington",107,Newspaper archives
1999,"Somei-yoshino (Prunus x yedoensis), Liberal Arts Quadrangle, University of Washington",91,Newspaper archives
2000,"Somei-yoshino (Prunus x yedoensis), Liberal Arts Quadrangle, University of Washington",84,Newspaper archives
2001,"Somei-yoshino (Prunus x yedoensis), Liberal Arts Quadrangle, University of Washington",86,Newspaper archives
2002,"Somei-yoshino (Prunus x yedoensis), Liberal Arts Quadrangle, University of Washington",96,Newspaper archives
2003,"Somei-yoshino (Prunus x yedoensis), Liberal Arts Quadrangle, University of Washington",86,Newspaper archives
2004,"Somei-yoshino (Prunus x yedoensis), Liberal Arts Quadrangle, University of Washington",82,Newspaper archives
2005,"Somei-yoshino (Prunus x yedoensis), Liberal Arts Quadrangle, University of Washington",90,Newspaper archives
2006,"Somei-yoshino (Prunus x yedoensis), Liberal Arts Quadrangle, University of Washington",80,Newspaper archives
2007,"Somei-yoshino (Prunus x yedoensis), Liberal Arts Quadrangle, University of Washington",86,Newspaper archives
2008,"Somei-yoshino (Prunus x yedoensis), Liberal Arts Quadrangle, University of Washington",87,Newspaper archives
2009,"Somei-yoshino (Prunus x yedoensis), Liberal Arts Quadrangle, University of Washington",99,Newspaper archives
2010,"Somei-yoshino (Prunus x yedoensis), Liberal Arts Quadrangle, University of Washington",73,Newspaper archives
2011,"Somei-yoshino (Prunus x yedoensis), Liberal Arts Quadrangle, University of Washington",87,Newspaper archives
2012,"Somei-yoshino (Prunus x yedoensis), Liberal Arts Quadrangle, University of Washington",93,Intensive sampling
2013,"Somei-yoshino (Prunus x yedoensis), Liberal Arts Quadrangle, University of Washington",86,Intensive sampling
2014,"Somei-yoshino (Prunus x yedoensis), Liberal Arts Quadrangle, University of Washington",80,Intensive sampling
2015,"Somei-yoshino (Prunus x yedoensis), Liberal Arts Quadrangle, University of Washington",74,Intensive sampling
2016,"Somei-yoshino (Prunus x yedoensis), Liberal Arts Quadrangle, University of Washington",71,Intensive sampling
2017,"Somei-yoshino (Prunus x yedoensis), Liberal Arts Quadrangle, University of Washington",86,Intensive sampling
2018,"Somei-yoshino (Prunus x yedoensis), Liberal Arts Quadrangle, University of Washington",85,Intensive sampling
2019,"Somei-yoshino (Prunus x yedoensis), Liberal Arts Quadrangle, University of Washington",88,Intensive sampling
2020,"Somei-yoshino (Prunus x yedoensis), Liberal Arts Quadrangle, University of Washington",82,Intensive sampling
2021,"Somei-yoshino (Prunus x yedoensis), Liberal Arts Quadrangle, University of Washington",88,Intensive sampling
2022,"Somei-yoshino (Prunus x yedoensis), Liberal Arts Quadrangle, University of Washington",73,Intensive sampling
2023,"Somei-yoshino (Prunus x yedoensis), Liberal Arts Quadrangle, University of Washington",90,Intensive sampling
2024,"Somei-yoshino (Prunus x yedoensis), Liberal Arts Quadrangle, University of Washington",78,Intensive sampling
2018,"Prunus serrulata, University of Washington",99,Intensive sampling
2019,"Prunus serrulata, University of Washington",92,Intensive sampling
2021,"Prunus serrulata, University of Washington",96,Intensive sampling
2023,"Prunus serrulata, University of Washington",92,Intensive sampling
2024,"Prunus serrulata, University of Washington",82,Intensive sampling
2018,"Prunus serrulata ÔHisakura,Õ University of Washington",99,Intensive sampling
2019,"Prunus serrulata ÔHisakura,Õ University of Washington",95,Intensive sampling
2021,"Prunus serrulata ÔHisakura,Õ University of Washington",104,Intensive sampling
2022,"Prunus serrulata ÔHisakura,Õ University of Washington",97,Intensive sampling
2023,"Prunus serrulata ÔHisakura,Õ University of Washington",94,Intensive sampling
2024,"Prunus serrulata ÔHisakura,Õ University of Washington",82,Intensive sampling